R,R_se,misses,ghosts,dups,AP,RO_recall,harm_rate,malicious_accept,benefit_rate,accept_rate,soft_frac,quarantine_frac,condition,policy
12.048820783208667,0.134734765378542,6.448181818181818,0.3418181818181818,0.0,0.27808362166163614,0.0009696186166774402,0.0,,0.0,0.0,0.0,0.0,none,ego_only
9.48479722878641,0.1566777659487846,1.749090909090909,2.862727272727273,0.2190909090909091,0.7028549533435986,0.7364253393665159,1.0,,1.0,1.0,0.0,0.0,none,naive_lf
8.047654008859048,0.1437004125678123,1.9227272727272726,1.9645454545454546,0.19727272727272727,0.6866415237589972,0.709114414996768,0.18315454906634882,,0.9150261372483595,0.7749875992063492,0.0,0.0,none,conf_0.5
8.230136622746137,0.13780748724338898,2.8854545454545453,1.2636363636363637,0.11,0.5986174249563536,0.5589851325145443,0.030194676201827572,,0.6177288399510622,0.5032242063492064,0.0,0.0,none,conf_0.7
10.13732676566801,0.13529063988232123,4.749090909090909,0.7090909090909091,0.03272727272727273,0.4193547739870703,0.26616031027795733,0.0015891934843067143,,0.24268713157602045,0.19618055555555555,0.0,0.0,none,conf_0.85
9.030150965339237,0.1329292934354849,3.902727272727273,0.740909090909091,0.09727272727272727,0.5331651504209561,0.40562378797672916,0.017878426698450536,,0.689356022689356,0.6014384920634921,0.0,0.0,none,geom_consensus
7.357842275674097,0.13718510669613293,2.199090909090909,1.4063636363636363,0.14636363636363636,0.7305723335479601,0.666289592760181,1.0,,1.0,1.0,1.0,0.0,none,belt_like
8.856982808753045,0.14691539434279624,2.480909090909091,1.9236363636363636,0.12636363636363637,0.6462384044648439,0.6945701357466063,0.5542312276519666,,0.9350461572683795,0.8117559523809523,0.0,0.0,none,cad_like
9.361014970542739,0.15405851149140118,3.2163636363636363,1.5854545454545454,0.08363636363636363,0.5762186351472024,0.5412087912087912,0.46881207787048074,,0.6218440662885107,0.5842013888888888,0.0,0.0,none,robosac_like
9.36200710223375,0.15059531620974917,2.9154545454545455,1.8354545454545454,0.10545454545454545,0.6021039671641095,0.5614091790562379,0.5923718712753278,,0.6540985429874319,0.6563740079365079,0.0,0.0,none,mate_like
6.502867114750613,0.12939044986795745,2.0845454545454545,1.018181818181818,0.13,0.714002623043908,0.6919844861021331,0.5137067938021455,,0.8963407852296741,0.8160342261904762,0.0,0.0,none,gate_binary
10.601556465262023,0.13133381002133654,5.367272727272727,0.3563636363636364,0.0,0.4116537858783408,0.18293471234647704,0.344854986094557,,0.18329440551662773,0.2021329365079365,0.05326140873015873,0.007626488095238095,none,ghostguard_crc
10.769578687531741,0.13130564557297128,5.487272727272727,0.3518181818181818,0.0,0.3857844881901721,0.1632191338073691,0.34445768772348034,,0.15515515515515516,0.1814856150793651,0.032614087301587304,0.028273809523809524,none,gg_no_quarantine
9.20683267718906,0.13005188216359448,4.318181818181818,0.38,0.0018181818181818182,0.5126215644239608,0.35148674854557205,0.36829558998808104,,0.3362251140028918,0.30691964285714285,0.041604662698412696,0.006262400793650794,none,gg_label_solo
4.7095728826809315,0.10163588582650929,1.8354545454545454,0.3709090909090909,0.004545454545454545,0.7735094365130096,0.7222042663219134,0.007151370679380214,,0.6244021799577355,0.47333829365079366,0.0,0.0,none,oracle_loo
4.298131039674976,0.09730889287323316,1.6318181818181818,0.3281818181818182,0.0,0.795939365819838,0.7529088558500323,0.004370282081843465,,0.6271827382938494,0.4615575396825397,0.0,0.0,none,oracle_greedy
12.747332810499042,0.13272151558128073,6.707272727272727,0.3372727272727273,0.0,0.2698906099281193,0.0004683109584764284,0.0,0.0,0.0,0.0,0.0,0.0,spoof,ego_only
15.737517777719754,0.2125281300542163,1.9672727272727273,4.787272727272727,0.24363636363636362,0.5353373059866701,0.7158913518576334,1.0,1.0,1.0,1.0,0.0,0.0,spoof,naive_lf
14.318198939742086,0.2058385586976596,2.148181818181818,3.88,0.21363636363636362,0.5224783588301932,0.69013424914143,0.5717657155116928,1.0,0.9098495662677062,0.803659849300323,0.0,0.0,spoof,conf_0.5
14.445040534640906,0.20093849248096657,3.158181818181818,3.1272727272727274,0.11636363636363636,0.4462485812111122,0.535435529191383,0.4855181291568333,1.0,0.6096409355440869,0.5631862217438105,0.0,0.0,spoof,conf_0.7
13.939502766925822,0.17374353304877013,5.083636363636364,1.730909090909091,0.026363636363636363,0.3345651246545463,0.2438339057133937,0.2619609525852821,0.5536774783005939,0.22630943230482048,0.22933261571582347,0.0,0.0,spoof,conf_0.85
9.82208696680458,0.13884995228501118,4.2272727272727275,0.8245454545454546,0.11818181818181818,0.5074550094139897,0.3783952544489541,0.037545591074876636,0.05619004111466423,0.6758537388821786,0.5382131324004306,0.0,0.0,spoof,geom_consensus
13.567552970535418,0.2015372414675564,2.5063636363636363,3.272727272727273,0.15,0.6046211508787324,0.6319075866375273,1.0,1.0,1.0,1.0,1.0,0.0,spoof,belt_like
11.728276770984548,0.17496147094285258,2.7536363636363634,2.88,0.16272727272727272,0.5404322979649729,0.6695285669684671,0.5207037116498605,0.46048423937871175,0.9306028329856154,0.7713670613562971,0.0,0.0,spoof,cad_like
11.54890019480395,0.17653112926832332,3.806363636363636,1.8854545454545455,0.07909090909090909,0.48043100579032755,0.46909147674055574,0.32739755417292427,0.25902238465052535,0.5388162951575711,0.47831001076426266,0.0,0.0,spoof,robosac_like
12.174953591475163,0.18882957900803143,3.580909090909091,2.252727272727273,0.1,0.4897690150765709,0.47814548860443334,0.43703068011156404,0.36180904522613067,0.547381135390359,0.5364370290635091,0.0,0.0,spoof,mate_like
7.296762131261259,0.1337207085227228,2.389090909090909,1.0918181818181818,0.14363636363636365,0.6811158307483958,0.6584452076178583,0.29092469427161555,0.05207857469164002,0.8681234215438673,0.708719052744887,0.0,0.0,spoof,gate_binary
11.57325194486399,0.13464338541653292,5.796363636363636,0.3381818181818182,0.0,0.3760398947977103,0.14939119575398063,0.17657155116927697,0.0009136592051164915,0.14417481058526407,0.15758880516684606,0.03961248654467169,0.006942949407965554,spoof,ghostguard_crc
11.72150051736716,0.1342681751870604,5.900909090909091,0.3381818181818182,0.0,0.3661292141046317,0.1333125195129566,0.1763570049345634,0.0009136592051164915,0.12144504227517294,0.1423573735199139,0.024381054897739503,0.02217438105489774,spoof,gg_no_quarantine
10.199160608313404,0.13401600945923864,4.858181818181818,0.35545454545454547,0.004545454545454545,0.47572840930960025,0.2958164221042772,0.1885861403132375,0.00045682960255824577,0.28187108817393214,0.23697524219590957,0.033853606027987086,0.0052206673842841765,spoof,gg_label_solo
5.418874944052043,0.11125710816042239,2.071818181818182,0.43636363636363634,0.0036363636363636364,0.7542254349044034,0.699344364658133,0.021025531001930917,0.03883051621745089,0.6130449105084002,0.4157158234660926,0.0,0.0,spoof,oracle_loo
4.778041912285552,0.10077953701378921,1.8481818181818181,0.3209090909090909,0.0,0.7865863929798285,0.7329066500156104,0.007080025745548166,0.012791228871630882,0.6038212364115515,0.3959095801937567,0.0,0.0,spoof,oracle_greedy
11.864367633792634,0.13457627026121752,6.487272727272727,0.3709090909090909,0.0,0.26802831411868683,0.0006523157208088715,0.0,0.0,0.0,0.0,0.0,0.0,collusion,ego_only
15.201576632700606,0.21609856435150504,1.910909090909091,4.7281818181818185,0.21545454545454545,0.5273597709103007,0.7136333985649054,1.0,1.0,1.0,1.0,0.0,0.0,collusion,naive_lf
13.817769693551242,0.20695060533752968,2.078181818181818,3.8436363636363637,0.19363636363636363,0.5150065852368014,0.6872146118721462,0.70475372279496,1.0,0.9162044851700024,0.8207099705427131,0.0,0.0,collusion,conf_0.5
13.840938074460437,0.19809720803142672,3.01,3.1436363636363636,0.11090909090909092,0.4407602115568957,0.5424005218525767,0.64790950744559,1.0,0.6308174584036653,0.6163063557841131,0.0,0.0,collusion,conf_0.7
13.187423756242167,0.1702825187073688,4.88,1.7572727272727273,0.02090909090909091,0.33028594998702543,0.25391389432485323,0.34464490263459335,0.5398110661268556,0.24439353749698578,0.2713066054221379,0.0,0.0,collusion,conf_0.85
14.890641967761091,0.19319702183779275,4.177272727272728,2.631818181818182,0.09636363636363636,0.36029625257691994,0.3613829093281148,0.643327605956472,1.0,0.6485411140583555,0.6717259973039094,0.0,0.0,collusion,geom_consensus
13.215373212854866,0.19841282654140846,2.3863636363636362,3.339090909090909,0.1409090909090909,0.594273446593636,0.6381278538812786,1.0,1.0,1.0,1.0,1.0,0.0,collusion,belt_like
10.953717583055296,0.17766746655100574,2.680909090909091,2.747272727272727,0.15181818181818182,0.5401745959851518,0.6730267449445532,0.4679266895761741,0.42532613585245166,0.9367012298046781,0.7184083079534674,0.0,0.0,collusion,cad_like
11.561171750991257,0.16821409250572658,4.305454545454546,1.721818181818182,0.04727272727272727,0.40844685077160603,0.3677429876060013,0.23754295532646047,0.202204228520018,0.4125874125874126,0.3480952618702881,0.0,0.0,collusion,robosac_like
12.244895518307002,0.18491384191542973,4.065454545454545,2.1027272727272726,0.05272727272727273,0.4187579631337168,0.38258317025440314,0.3420675830469645,0.30184435447593344,0.4270557029177719,0.41375006240950624,0.0,0.0,collusion,mate_like
6.985971535612601,0.1357880624983931,2.3127272727272725,1.1336363636363636,0.13090909090909092,0.670668495672312,0.6565557729941291,0.2247995418098511,0.06117858749437697,0.8734024596093561,0.638124719157222,0.0,0.0,collusion,gate_binary
10.640811051694207,0.1400513797494227,5.484545454545454,0.38181818181818183,0.0,0.3923032828603137,0.17172211350293543,0.13373424971363115,0.004273504273504274,0.19025801784422475,0.16635877976933447,0.041689550152279195,0.005991312596734735,collusion,ghostguard_crc
10.795910005666856,0.14006265861889405,5.595454545454546,0.37636363636363634,0.0,0.37438921057026286,0.15280495759947815,0.13287514318442153,0.003148897885739991,0.1605980226669882,0.15023216336312348,0.0255629337460682,0.02211792900294573,collusion,gg_no_quarantine
9.350487645104192,0.14068057699101016,4.577272727272727,0.3972727272727273,0.0009090909090909091,0.49082072555947565,0.3105022831050228,0.13845933562428409,0.0038236617183985606,0.33156498673740054,0.23820460332517848,0.032552798442258724,0.004992760497278945,collusion,gg_label_solo
9.99174745860904,0.16784040201265715,2.021818181818182,1.8663636363636364,0.0027272727272727275,0.6117972579714315,0.6927592954990215,0.24613402061855671,0.3832658569500675,0.6304557511454063,0.45314294273303707,0.0,0.0,collusion,oracle_loo
4.48862690251549,0.09905729579739903,1.8036363636363637,0.3527272727272727,0.0,0.785720189965076,0.7266797129810828,0.006443298969072165,0.008097165991902834,0.6368459127079816,0.3593289729891657,0.0,0.0,collusion,oracle_greedy
11.922702134496973,0.134475074330357,6.407272727272727,0.37545454545454543,0.0,0.2681998765148956,0.000657786548265088,0.0,,0.0,0.0,0.0,0.0,removal,ego_only
11.328690047132424,0.16973883152424624,3.6218181818181816,2.3636363636363638,0.11181818181818182,0.517785837438577,0.40256536753823385,1.0,,1.0,1.0,0.0,0.0,removal,naive_lf
10.059338517250536,0.15753886396050598,3.8181818181818183,1.5118181818181817,0.09636363636363636,0.5025915437204637,0.37148495313270846,0.19920159680638722,,0.9130882858124356,0.6866193664434895,0.0,0.0,removal,conf_0.5
10.096820196121477,0.14722875311018482,4.600909090909091,0.9036363636363637,0.05818181818181818,0.42900814810653637,0.25045222825193225,0.0343313373253493,,0.6100996221229817,0.43089837114020185,0.0,0.0,removal,conf_0.7
11.141354211031626,0.1401069787385576,5.69,0.5590909090909091,0.02090909090909091,0.3266924210981487,0.0968590692320342,0.0023952095808383233,,0.2325661284781862,0.15768961726791247,0.0,0.0,removal,conf_0.85
11.712243562853555,0.13604907575564945,6.111818181818182,0.5363636363636364,0.06818181818181818,0.29397551788331144,0.003453379378391712,0.022754491017964073,,0.010649261422191686,0.3518537024083142,0.0,0.0,removal,geom_consensus
9.608508455844492,0.14859113382269934,4.118181818181818,1.0609090909090908,0.06363636363636363,0.5375940251925769,0.3241243216576221,1.0,,1.0,1.0,1.0,0.0,removal,belt_like
10.709675270262736,0.15663667037809875,4.262727272727273,1.4754545454545454,0.05,0.47105752772426807,0.3757605656964315,0.5528942115768463,,0.9323256612847819,0.7364844608773858,0.0,0.0,removal,cad_like
10.983435985695271,0.15457806989935863,4.782727272727273,1.2372727272727273,0.03636363636363636,0.4215653222099364,0.25818122019404705,0.4558882235528942,,0.6286499484713157,0.5661037273908264,0.0,0.0,removal,robosac_like
10.95149527734372,0.15410415117364293,4.601818181818182,1.3863636363636365,0.056363636363636366,0.44025258457351973,0.2631146193060352,0.578443113772455,,0.6214359326691858,0.636154691715799,0.0,0.0,removal,mate_like
8.952735385029222,0.14384382455303352,4.041818181818182,0.7663636363636364,0.05,0.5133669082227316,0.34007564545305047,0.5017964071856288,,0.7897629680522157,0.7481762766063755,0.0,0.0,removal,gate_binary
11.385012225126156,0.1346416493926081,5.964545454545455,0.37272727272727274,0.0,0.325262321619404,0.07235652030915968,0.3405189620758483,,0.1745104774991412,0.2174477865494154,0.03947236934146098,0.005895872888977716,removal,ghostguard_crc
11.45994527843595,0.1342080787531645,6.0218181818181815,0.37272727272727274,0.0,0.316504152777813,0.06429863509291235,0.3401197604790419,,0.14874613534867742,0.2023583491555911,0.024382931947636653,0.02098531028280204,removal,gg_no_quarantine
10.85648136240455,0.1345899121285546,5.610909090909091,0.3790909090909091,0.0009090909090909091,0.3653474157087992,0.11774379213945074,0.3461077844311377,,0.27310202679491585,0.2625162386329569,0.03197761566903168,0.008194264015189367,removal,gg_label_solo
7.541400164300169,0.12726653425630047,3.6363636363636362,0.38727272727272727,0.0036363636363636364,0.5742665272795656,0.40124979444170367,0.007984031936127744,,0.8375128821710752,0.439892075547117,0.0,0.0,removal,oracle_loo
7.398810955482811,0.12718015820771775,3.601818181818182,0.3509090909090909,0.0,0.5776802764712802,0.4024009209011676,0.003992015968063872,,0.8399175541051185,0.42170480663535526,0.0,0.0,removal,oracle_greedy
12.480646398150753,0.14119896518693856,6.591818181818182,0.36,0.0,0.2768780239193418,0.0007881462799495586,0.0,,0.0,0.0,0.0,0.0,degraded,ego_only
18.305370980638646,0.23097180024616856,4.176363636363637,5.443636363636363,0.1009090909090909,0.3460951422685614,0.3787831021437579,1.0,,1.0,1.0,0.0,0.0,degraded,naive_lf
16.018929510076287,0.21217795586109908,4.399090909090909,4.032727272727273,0.08181818181818182,0.33029375993564175,0.34347414880201765,0.18210659898477158,,0.8584834266686847,0.6657132379904657,0.0,0.0,degraded,conf_0.5
13.999836263338462,0.1826470025473786,5.088181818181818,2.4336363636363636,0.04,0.2938544984421007,0.23581336696090793,0.028553299492385786,,0.5267140911154836,0.38547854785478547,0.0,0.0,degraded,conf_0.7
12.956080978006671,0.1556842982821205,6.0181818181818185,1.08,0.007272727272727273,0.2692601616065738,0.0900063051702396,0.0019035532994923859,,0.1804147116694415,0.13083975064173084,0.0,0.0,degraded,conf_0.85
12.579070593232812,0.147561591488858,5.869090909090909,0.9972727272727273,0.024545454545454544,0.29950654687766143,0.11664564943253468,0.017449238578680203,,0.38020281519600424,0.3351668500183352,0.0,0.0,degraded,geom_consensus
14.037956025106352,0.1880849862401504,4.827272727272727,2.6763636363636363,0.04727272727272727,0.4486469496986866,0.2753783102143758,1.0,,1.0,1.0,1.0,0.0,degraded,belt_like
15.409690828494155,0.2006442745354089,4.543636363636364,3.8372727272727274,0.06454545454545454,0.3484888870320189,0.3532471626733922,0.5920050761421319,,0.924474042682004,0.7645764576457645,0.0,0.0,degraded,cad_like
14.074388208485228,0.18059278024746114,5.178181818181818,2.4909090909090907,0.03272727272727273,0.32790891390579974,0.23707440100882723,0.37658629441624364,,0.5329196306947177,0.47246057939127245,0.0,0.0,degraded,robosac_like
14.293113791212217,0.18769651665734596,5.135454545454546,2.5272727272727273,0.04727272727272727,0.3342734188999062,0.2340794451450189,0.4467005076142132,,0.49992432268805814,0.48654198753208655,0.0,0.0,degraded,mate_like
12.522391348076797,0.17473301203731761,4.998181818181818,1.6381818181818182,0.02181818181818182,0.3637154229458791,0.2520491803278688,0.4927030456852792,,0.556076888148933,0.5496883021635497,0.0,0.0,degraded,gate_binary
12.470883300157187,0.14170711183051374,6.565454545454545,0.37272727272727274,0.0,0.2767292927923267,0.005044136191677175,0.32899746192893403,,0.01286514303011957,0.12086541987532086,0.010414374770810414,0.005647231389805647,degraded,ghostguard_crc
12.474252954972652,0.14141002063808242,6.575454545454545,0.36818181818181817,0.0,0.27669426504482386,0.0033102143757881464,0.32836294416243655,,0.00908127743302558,0.11851851851851852,0.008067473414008068,0.007994132746607993,degraded,gg_no_quarantine
12.357785751126793,0.14230740863391458,6.448181818181818,0.40545454545454546,0.0,0.2893890174466163,0.023486759142496847,0.3493020304568528,,0.03980626608142879,0.14066740007334066,0.012687935460212688,0.004767143381004767,degraded,gg_label_solo
9.149877150184514,0.13464792083866453,4.204545454545454,0.5063636363636363,0.0009090909090909091,0.5119950593707445,0.3709016393442623,0.005710659898477157,,0.40563039200847584,0.264026402640264,0.0,0.0,degraded,oracle_loo
8.639755529556595,0.13225234707209652,4.04,0.35545454545454547,0.0,0.5445089910756518,0.396437578814628,0.0028553299492385786,,0.4144089601937339,0.25155848918225154,0.0,0.0,degraded,oracle_greedy
