R,R_se,misses,ghosts,dups,AP,RO_recall,harm_rate,malicious_accept,benefit_rate,accept_rate,soft_frac,quarantine_frac,family,knob,condition
9.362168598338906,0.18826177751801632,1.83,2.894285714285714,0.19285714285714287,0.6678000086267943,0.722381822930269,0.7368078175895766,,0.9994556341861731,0.9488181089743589,0.0,0.0,confidence,0.2,none
9.362220007615917,0.18824609115098934,1.83,2.894285714285714,0.19285714285714287,0.6678000086267943,0.722381822930269,0.549185667752443,,0.9932861549628017,0.9061498397435898,0.0,0.0,confidence,0.3,none
8.616098151326248,0.1802770527046004,1.8757142857142857,2.4571428571428573,0.18428571428571427,0.6672426702481199,0.7158527030556281,0.3550488599348534,,0.971511522409726,0.8493589743589743,0.0,0.0,confidence,0.4,none
8.142032742575331,0.17702170444886725,1.9985714285714287,2.084285714285714,0.17142857142857143,0.651763414011208,0.6970488378166623,0.21107491856677524,,0.9172563962983125,0.7759415064102564,0.0,0.0,confidence,0.5,none
7.9409593013861555,0.17587258194540417,2.2842857142857143,1.7442857142857142,0.14857142857142858,0.625727137631983,0.6513449986941761,0.10293159609120521,,0.8116494284158955,0.6675681089743589,0.0,0.0,confidence,0.6,none
8.041456773061446,0.16765818127563578,2.8714285714285714,1.3457142857142856,0.08,0.5689252793359434,0.5557586837294333,0.03452768729641694,,0.6276537833424061,0.5103165064102564,0.0,0.0,confidence,0.7,none
9.07487666105598,0.1670702448459414,3.9571428571428573,0.9685714285714285,0.04285714285714286,0.4733481376471194,0.3818229302689997,0.0071661237785016286,,0.380148793322446,0.3072916666666667,0.0,0.0,confidence,0.8,none
10.54719194535753,0.17077157992578607,5.435714285714286,0.5642857142857143,0.007142857142857143,0.3496236011476013,0.14050665970227214,0.0006514657980456026,,0.12502268190890944,0.09785657051282051,0.0,0.0,confidence,0.9,none
11.28904610923289,0.1730280848784208,6.067142857142857,0.3985714285714286,0.002857142857142857,0.2986011885236477,0.03865238965787412,0.0,,0.03139176193068409,0.024839743589743588,0.0,0.0,confidence,0.95,none
10.195055149896671,0.16995455147376215,5.25,0.35428571428571426,0.0,0.39673437612482226,0.17968137895011752,0.34267100977198695,,0.1502449646162221,0.18830128205128205,0.0,0.0,gate_umarg,0.02,none
8.972818259572772,0.16144467897410808,4.434285714285714,0.38,0.007142857142857143,0.4845897317943514,0.3115696004178637,0.36482084690553745,,0.28542914171656686,0.28074919871794873,0.0,0.0,gate_usolo,0.02,none
10.488095541214854,0.1721326746237366,5.44,0.3514285714285714,0.0,0.383575205162594,0.14912509793679812,0.3355048859934853,,0.1449827617492288,0.18098958333333334,0.047776442307692304,0.007311698717948718,gate_4action,0.02,none
8.54860336332068,0.15403764214072116,4.16,0.37857142857142856,0.002857142857142857,0.5140397220139636,0.35857926351527813,0.393485342019544,,0.3365995282162947,0.33743990384615385,0.0,0.0,gate_umarg,0.05,none
7.859760700749878,0.15133739621407943,3.722857142857143,0.4114285714285714,0.011428571428571429,0.5608078397181723,0.424653956646644,0.3973941368078176,,0.4126292868807839,0.39302884615384615,0.0,0.0,gate_usolo,0.05,none
8.92451219981064,0.15882766033179288,4.441428571428571,0.36428571428571427,0.0,0.5008237515834068,0.3126142595978062,0.3791530944625407,,0.3246234803121031,0.32502003205128205,0.07692307692307693,0.012419871794871794,gate_4action,0.05,none
7.386855931592584,0.14926013765638324,3.3285714285714287,0.4471428571428571,0.012857142857142857,0.5982502820937542,0.4912509793679812,0.4273615635179153,,0.5029940119760479,0.4777644230769231,0.0,0.0,gate_umarg,0.1,none
7.012761749750319,0.14769307352747413,3.125714285714286,0.47,0.027142857142857142,0.6256799678029002,0.5238965787411857,0.42280130293159607,,0.5389221556886228,0.4983974358974359,0.0,0.0,gate_usolo,0.1,none
7.771152619050028,0.14979590053866826,3.6314285714285712,0.4142857142857143,0.01,0.5974273275420844,0.44293549229563856,0.4201954397394137,,0.484304119034658,0.4609375,0.08974358974358974,0.016826923076923076,gate_4action,0.1,none
6.491761280221547,0.1416485290022631,2.7157142857142857,0.5785714285714286,0.02857142857142857,0.6541955510660286,0.5928440846173936,0.4521172638436482,,0.6750136091453457,0.6214943910256411,0.0,0.0,gate_umarg,0.2,none
6.417730679895573,0.14529184538717535,2.6228571428571428,0.6271428571428571,0.05857142857142857,0.6629925369943362,0.606163489161661,0.4488599348534202,,0.6737434222464163,0.6167868589743589,0.0,0.0,gate_usolo,0.2,none
6.803773197238015,0.14374950061502634,2.9371428571428573,0.53,0.02,0.6598141277526423,0.5560198485244189,0.4482084690553746,,0.6543277082199238,0.6035657051282052,0.08703926282051282,0.017928685897435896,gate_4action,0.2,none
6.370082951321129,0.14426688074107763,2.4957142857142856,0.7457142857142857,0.06428571428571428,0.6705821340342818,0.6247061896056412,0.46905537459283386,,0.7664670658682635,0.7009214743589743,0.0,0.0,gate_umarg,0.3,none
6.330398827653061,0.14713839730132441,2.4185714285714286,0.7928571428571428,0.08,0.678525466964469,0.6382867589448943,0.4703583061889251,,0.7606604971874433,0.6921073717948718,0.0,0.0,gate_usolo,0.3,none
6.422366199117262,0.14152974991551512,2.665714285714286,0.6114285714285714,0.032857142857142856,0.6728139001646142,0.5975450509271351,0.4631921824104234,,0.747051351841771,0.6841947115384616,0.08263221153846154,0.01672676282051282,gate_4action,0.3,none
6.442827985999494,0.14755194945086234,2.2885714285714287,0.9842857142857143,0.09,0.6743030605503731,0.657874118568817,0.4938110749185668,,0.861005262202867,0.7829527243589743,0.0,0.0,gate_umarg,0.45,none
6.471831670236084,0.1522900145908595,2.2257142857142855,1.062857142857143,0.11142857142857143,0.6771187670105884,0.6662313920083572,0.49641693811074916,,0.8751587733623661,0.7877604166666666,0.0,0.0,gate_usolo,0.45,none
6.325592037441855,0.14320456309134894,2.4357142857142855,0.7857142857142857,0.06428571428571428,0.6905547611857555,0.6361974405850092,0.48013029315960915,,0.8461259299582653,0.7684294871794872,0.08884214743589744,0.01452323717948718,gate_4action,0.45,none
6.6023813979138035,0.15568956230315306,2.1,1.2028571428571428,0.12428571428571429,0.6809533989431337,0.6871245756072082,0.5224755700325733,,0.915986209399383,0.8386418269230769,0.0,0.0,gate_umarg,0.6,none
6.702460231812516,0.1577730596245027,2.0585714285714287,1.3157142857142856,0.14142857142857143,0.6835248519043727,0.6923478715069209,0.5250814332247556,,0.9372164761386318,0.8467548076923077,0.0,0.0,gate_usolo,0.6,none
6.404433702479362,0.14814674442683815,2.2614285714285716,0.9671428571428572,0.09428571428571429,0.6974913841865006,0.6620527552885871,0.501628664495114,,0.906187624750499,0.8251201923076923,0.08864182692307693,0.013521634615384616,gate_4action,0.6,none
7.170981078117079,0.16930137637128048,1.9028571428571428,1.6485714285714286,0.16285714285714287,0.6795795140551348,0.7150692086706711,0.5680781758957655,,0.9796770096171293,0.9033453525641025,0.0,0.0,gate_umarg,0.8,none
7.284424700040066,0.17222143988223473,1.8857142857142857,1.74,0.16714285714285715,0.6822201521327351,0.7179420214155132,0.5719869706840391,,0.9894755942660134,0.9083533653846154,0.0,0.0,gate_usolo,0.8,none
6.603928426614332,0.15840865449266192,2.0757142857142856,1.23,0.11428571428571428,0.7053343656056152,0.6889527291721076,0.532899022801303,,0.9696969696969697,0.8881209935897436,0.0921474358974359,0.015224358974358974,gate_4action,0.8,none
7.847311167404791,0.17848444121676474,1.8385714285714285,2.0385714285714287,0.18571428571428572,0.6728651512534479,0.7218594933402978,0.6267100977198697,,0.9972781709308656,0.9391025641025641,0.0,0.0,gate_umarg,0.95,none
7.86642368425616,0.1794611533482512,1.8342857142857143,2.0485714285714285,0.18714285714285714,0.672317744273779,0.7221206581352834,0.6260586319218241,,0.998003992015968,0.9399038461538461,0.0,0.0,gate_usolo,0.95,none
6.933497160866011,0.16267147375311652,2.0042857142857144,1.45,0.14142857142857143,0.7066542246624987,0.699399320971533,0.5635179153094463,,0.9862093993830521,0.9186698717948718,0.08974358974358974,0.020432692307692308,gate_4action,0.95,none
8.898361759322379,0.18112747420547215,2.5442857142857145,2.0357142857142856,0.13857142857142857,0.6176608991707974,0.6735440062679551,0.6149837133550489,,0.9188894937397931,0.8160056089743589,0.0,0.0,cad_like,,none
9.295640785714795,0.18634220842978838,3.315714285714286,1.582857142857143,0.08,0.5577207347914044,0.5100548446069469,0.4716612377850163,,0.5966249319542732,0.5733173076923077,0.0,0.0,robosac_like,,none
9.155974034255332,0.18276584306696744,3.087142857142857,1.7014285714285715,0.08857142857142856,0.5787847417907884,0.5254635675110995,0.5778501628664495,,0.6053347849755035,0.6195913461538461,0.0,0.0,mate_like,,none
9.143383639292901,0.16642211920576322,4.002857142857143,0.8485714285714285,0.08,0.4931870888631832,0.3755549751893445,0.01498371335504886,,0.6842678279804029,0.59375,0.0,0.0,geom_consensus,,none
4.280971157323932,0.1128867949897091,1.677142857142857,0.32857142857142857,0.0,0.7956972589477893,0.7443196657090624,0.0013029315960912053,,0.617855198693522,0.4512219551282051,0.0,0.0,oracle_greedy,,none
11.541650720259472,0.1725540234924666,6.291428571428572,0.3442857142857143,0.0,0.27834101341759976,0.0005223295899712719,0.0,,0.0,0.0,0.0,0.0,ego_only,,none
9.36220054584721,0.18826318646645832,1.83,2.894285714285714,0.19285714285714287,0.6678000086267943,0.722381822930269,1.0,,1.0,1.0,0.0,0.0,naive_lf,,none
15.334022416580291,0.26918779455503883,1.967142857142857,4.66,0.21571428571428572,0.5108740701333925,0.6799676462658398,0.8542730677562138,1.0,0.9984164687252574,0.9554179026347932,0.0,0.0,confidence,0.2,spoof
15.330155544728205,0.2689097514783146,1.9657142857142857,4.658571428571428,0.21285714285714286,0.5106060742103776,0.6802372607171744,0.7361252979230507,1.0,0.9920823436262867,0.915110800907346,0.0,0.0,confidence,0.3,spoof
14.550611029750767,0.26406114924094853,2.007142857142857,4.2214285714285715,0.2057142857142857,0.5043142106281115,0.6743057427878134,0.6387470207694926,1.0,0.9667458432304038,0.8666899319490491,0.0,0.0,confidence,0.4,spoof
14.005720715291172,0.25859132899449283,2.13,3.8128571428571427,0.19142857142857142,0.4982410325215501,0.6551631167430574,0.5594143684031324,1.0,0.9109263657957245,0.7995114290699703,0.0,0.0,confidence,0.5,spoof
13.734006567527794,0.2506334157156854,2.4242857142857144,3.442857142857143,0.15,0.47733647781969074,0.6066325155028309,0.5028941096356827,1.0,0.7903800475059383,0.6994416332228233,0.0,0.0,confidence,0.6,spoof
13.890658684495856,0.24540961337060344,2.9828571428571427,3.0628571428571427,0.10571428571428572,0.4318367534898813,0.5171205176597465,0.47531494722505957,1.0,0.6070863024544735,0.5601116733554353,0.0,0.0,confidence,0.7,spoof
13.7402604531044,0.22776074869272595,4.015714285714286,2.3314285714285714,0.047142857142857146,0.3601699578037012,0.3531949312483149,0.36193394620360914,0.786140089418778,0.3642121931908155,0.3556098412144477,0.0,0.0,confidence,0.8,spoof
12.78271691219136,0.1961830122893326,5.435714285714286,1.14,0.012857142857142857,0.28162947367269253,0.1302237799946077,0.14436499829758256,0.3152011922503726,0.11856690419635788,0.1199616122840691,0.0,0.0,confidence,0.9,spoof
12.237358112988225,0.17642526177975723,6.02,0.6028571428571429,0.0014285714285714286,0.25780974635750337,0.03612833647883527,0.0446033367381682,0.09761549925484352,0.03186856690419636,0.03358925143953935,0.0,0.0,confidence,0.95,spoof
10.793471604092328,0.1753359858032745,5.362857142857143,0.3757142857142857,0.0014285714285714286,0.3658797584446663,0.15233216500404423,0.19748042219952333,0.0014903129657228018,0.13163103721298497,0.15547024952015356,0.0,0.0,gate_umarg,0.02,spoof
9.620420570053344,0.17019771502060332,4.601428571428571,0.38857142857142857,0.005714285714285714,0.45401322585172527,0.2720409813966029,0.209056860742254,0.0007451564828614009,0.2569279493269992,0.22657476880125632,0.0,0.0,gate_usolo,0.02,spoof
11.020160626973185,0.17342015985035503,5.517142857142857,0.37142857142857144,0.0014285714285714286,0.3607920960526146,0.12671879212725803,0.19101123595505617,0.0014903129657228018,0.12668250197941408,0.14988658174838598,0.04021985691851335,0.00558366777176758,gate_4action,0.02,spoof
9.296728545772133,0.17844430198989458,4.311428571428571,0.4142857142857143,0.005714285714285714,0.48193510226044395,0.3213804259908331,0.22608103506979912,0.005216095380029807,0.3153206650831354,0.2877333798638981,0.0,0.0,gate_umarg,0.05,spoof
8.575230231761648,0.16839254445249432,3.9085714285714284,0.44285714285714284,0.014285714285714285,0.5286692729369761,0.38042599083310863,0.22880490296220635,0.0014903129657228018,0.382818685669042,0.32742976792880824,0.0,0.0,gate_usolo,0.05,spoof
9.686111703134094,0.17786814145848487,4.601428571428571,0.4,0.005714285714285714,0.4688654441380186,0.27284982475060665,0.21756894790602654,0.005216095380029807,0.3010688836104513,0.27569359623102424,0.06866166463095445,0.012039783632873844,gate_4action,0.05,spoof
8.00092760310816,0.1709706559825739,3.5228571428571427,0.45714285714285713,0.012857142857142857,0.5689392825890393,0.44648153141008357,0.25059584610146407,0.007451564828614009,0.49465558194774345,0.41694294189495723,0.0,0.0,gate_umarg,0.1,spoof
7.6654965571786295,0.16548186573454743,3.36,0.46714285714285714,0.018571428571428572,0.587867717467296,0.4667026152601779,0.24378617637044603,0.0022354694485842027,0.5166270783847982,0.4301169080439714,0.0,0.0,gate_usolo,0.1,spoof
8.383254944816672,0.17092077606791328,3.802857142857143,0.42714285714285716,0.007142857142857143,0.5564751496103404,0.40037746023186843,0.24378617637044603,0.005961251862891207,0.4740696753760887,0.4015878555225964,0.07982900017448961,0.015355086372360844,gate_4action,0.1,spoof
7.178689259389482,0.16713230906067209,2.9642857142857144,0.6028571428571429,0.032857142857142856,0.616196697674097,0.527365866810461,0.268300987402111,0.01713859910581222,0.6522169437846398,0.5375152678415634,0.0,0.0,gate_umarg,0.2,spoof
7.081340076550759,0.16727152165640352,2.87,0.6228571428571429,0.05,0.6362390827916485,0.5416554327311944,0.26081035069799113,0.007451564828614009,0.6609263657957245,0.5401326121095795,0.0,0.0,gate_usolo,0.2,spoof
7.4478812989176735,0.16889137438388135,3.162857142857143,0.5342857142857143,0.024285714285714285,0.620949894291079,0.49851712051765973,0.26319373510384747,0.01564828614008942,0.6324228028503563,0.5222474262781365,0.07354737393125109,0.015267841563426976,gate_4action,0.2,spoof
6.874537541120813,0.16848918351866096,2.67,0.7271428571428571,0.05714285714285714,0.6479058097749998,0.5732003235373416,0.27953694245829075,0.02384500745156483,0.7430720506730008,0.6079218286511953,0.0,0.0,gate_umarg,0.3,spoof
6.865479978165521,0.16790150224387076,2.597142857142857,0.7842857142857143,0.08,0.6553331322458732,0.5823672148827177,0.2730677562138236,0.011922503725782414,0.7602929532858274,0.6149014133659048,0.0,0.0,gate_usolo,0.3,spoof
7.038898152165058,0.16754109388298336,2.87,0.62,0.037142857142857144,0.6448034080187022,0.5413858182798598,0.27408920667347636,0.021609538002980627,0.723673792557403,0.5943116384575118,0.07529227010992846,0.013610190193683477,gate_4action,0.3,spoof
6.914300864189928,0.17109433145347033,2.442857142857143,0.9671428571428572,0.11,0.6550140524102905,0.605284443246158,0.29553966632618317,0.03278688524590164,0.8477830562153602,0.6886232769150236,0.0,0.0,gate_umarg,0.45,spoof
6.917217186053772,0.16937691238703553,2.36,1.0357142857142858,0.12142857142857143,0.6622646376624045,0.6176867080075492,0.29553966632618317,0.023099850968703428,0.8669833729216152,0.6925492933170476,0.0,0.0,gate_usolo,0.45,spoof
6.826068594595629,0.1687227067224616,2.5957142857142856,0.7757142857142857,0.06428571428571428,0.6670483485049725,0.583445672688056,0.28770854613551244,0.029061102831594635,0.8285827395091053,0.6730937009247949,0.08305705810504276,0.015529575990228582,gate_4action,0.45,spoof
7.068752009160144,0.1767778688812188,2.202857142857143,1.237142857142857,0.1442857142857143,0.6717128505733195,0.6441089242383392,0.313585291113381,0.043219076005961254,0.9208234362628662,0.7505670912580702,0.0,0.0,gate_umarg,0.6,spoof
7.267352975504626,0.17915199150233768,2.1742857142857144,1.3857142857142857,0.15142857142857144,0.6724176381392527,0.6486923699110272,0.32448076268300985,0.03502235469448584,0.9374505146476643,0.7544058628511604,0.0,0.0,gate_usolo,0.6,spoof
6.862996590198693,0.17263488129387752,2.4085714285714284,0.9571428571428572,0.09857142857142857,0.6850376641675152,0.6106767322728498,0.3023493360572012,0.038002980625931444,0.9041963578780681,0.7354737393125109,0.09125807014482638,0.01509335194555924,gate_4action,0.6,spoof
7.693405053139117,0.18549350303974382,2.032857142857143,1.6985714285714286,0.1757142857142857,0.6675439602786256,0.6724184416284713,0.3517194416070821,0.06557377049180328,0.982185273159145,0.8082359099633571,0.0,0.0,gate_umarg,0.8,spoof
7.978904007006205,0.1899953699545063,2.0142857142857142,1.84,0.17857142857142858,0.661621005084812,0.674575357239148,0.36772216547497444,0.07526080476900149,0.9887173396674585,0.813645088117257,0.0,0.0,gate_usolo,0.8,spoof
7.083426567413548,0.1755424391403583,2.222857142857143,1.2514285714285713,0.13714285714285715,0.6941580817996126,0.6416823941763279,0.32345931222335716,0.05067064083457526,0.9714964370546318,0.7926190891641948,0.08864072587681034,0.01561682079916245,gate_4action,0.8,spoof
8.636896088867838,0.19774862572801885,1.98,2.1857142857142855,0.20285714285714285,0.65294298504094,0.6783499595578323,0.41334695267279536,0.12816691505216096,0.9978226444972288,0.8452277089513174,0.0,0.0,gate_umarg,0.95,spoof
9.151051790213122,0.20769726514274994,1.97,2.3642857142857143,0.2057142857142857,0.6323964762180966,0.6794284173631706,0.4490977187606401,0.20417287630402384,0.9994061757719715,0.8563950444948526,0.0,0.0,gate_usolo,0.95,spoof
7.439700032040345,0.1843635658769228,2.1285714285714286,1.4814285714285715,0.15,0.6893118811144695,0.6573200323537342,0.3575076608784474,0.08122205663189269,0.9869358669833729,0.8220205897749084,0.08253358925143954,0.023207119176409004,gate_4action,0.95,spoof
11.304442823726601,0.21578310935661715,2.8142857142857145,2.6514285714285712,0.12714285714285714,0.5128997493643794,0.6292801294149366,0.47974123255022133,0.45156482861400893,0.915083135391924,0.7377421043447915,0.0,0.0,cad_like,,spoof
11.372535346092212,0.21408244336188093,3.83,1.812857142857143,0.055714285714285716,0.4353591263418209,0.4176327851172823,0.3122233571671774,0.2786885245901639,0.5043547110055424,0.4439888326644565,0.0,0.0,robosac_like,,spoof
12.169072467977868,0.23855013160627755,3.5757142857142856,2.2642857142857142,0.09285714285714286,0.44633641091685644,0.43488811000269617,0.446033367381682,0.4150521609538003,0.5384006334125099,0.526522421915896,0.0,0.0,mate_like,,spoof
9.165083924449867,0.17277710890331827,3.907142857142857,0.8514285714285714,0.11857142857142858,0.5066391508182907,0.36424912375303314,0.03404834865509023,0.05514157973174367,0.6902216943784639,0.5547024952015355,0.0,0.0,geom_consensus,,spoof
4.443320515189809,0.12894970857072405,1.8014285714285714,0.32571428571428573,0.0,0.7764282018805803,0.7050417902399568,0.004766768811712632,0.009687034277198211,0.6033254156769596,0.3850985866340953,0.0,0.0,oracle_greedy,,spoof
11.91963644474953,0.16769051795299286,6.244285714285715,0.36714285714285716,0.0,0.26610016844107626,0.0005392289026691831,0.0,0.0,0.0,0.0,0.0,0.0,ego_only,,spoof
15.33402922388391,0.2691863365311016,1.967142857142857,4.66,0.21571428571428572,0.5108740701333925,0.6799676462658398,1.0,1.0,1.0,1.0,0.0,0.0,naive_lf,,spoof
14.763253856053595,0.262774042736373,1.822857142857143,4.61,0.15,0.5235245864965924,0.7093304651788115,0.9023654916512059,1.0,0.9994304157964686,0.9584361812246198,0.0,0.0,confidence,0.2,collusion
14.768519238999495,0.262816681476626,1.8214285714285714,4.611428571428571,0.15142857142857144,0.5235052815423649,0.7095993546652326,0.8341836734693877,1.0,0.9927852667552687,0.9252329007086552,0.0,0.0,confidence,0.3,collusion
14.053138492725006,0.2599101138254603,1.8742857142857143,4.1657142857142855,0.1457142857142857,0.517302512027116,0.7015326700726001,0.7673933209647495,1.0,0.9688627302069489,0.8812803567162991,0.0,0.0,confidence,0.4,collusion
13.614876422674147,0.25965089940930264,2.0085714285714285,3.81,0.14142857142857143,0.5103417968655273,0.6805592901317559,0.7182282003710575,1.0,0.9172204290867667,0.8256230591607612,0.0,0.0,confidence,0.5,collusion
13.46139080888984,0.25601944203876253,2.3057142857142856,3.4828571428571427,0.11285714285714285,0.4834924197018316,0.631083624630277,0.6859925788497218,1.0,0.8019745585722423,0.7391512063062345,0.0,0.0,confidence,0.6,collusion
13.860685103176731,0.250791061194769,2.914285714285714,3.1714285714285713,0.07714285714285714,0.4333432364243311,0.5332078515730035,0.6651205936920223,1.0,0.6168596924245301,0.61286726650211,0.0,0.0,confidence,0.7,collusion
13.585424904390623,0.23597148501116075,4.001428571428572,2.382857142857143,0.03857142857142857,0.36469027468574194,0.35842968539930087,0.5064935064935064,0.7674911660777385,0.3550408202012531,0.397722748626483,0.0,0.0,confidence,0.8,collusion
12.460631527962033,0.20023896612669856,5.404285714285714,1.1728571428571428,0.01,0.287194922187107,0.12799139553643452,0.21405380333951762,0.32579505300353356,0.11391684070628441,0.1437216338880484,0.0,0.0,confidence,0.9,collusion
11.696339886743479,0.17922161315521068,5.93,0.5728571428571428,0.0014285714285714286,0.27850733657016136,0.04167787039526755,0.05983302411873841,0.0911660777385159,0.03398519081070818,0.04148419460148101,0.0,0.0,confidence,0.95,collusion
9.995067399283684,0.17524570127640748,5.015714285714286,0.35,0.0,0.40666111285600953,0.20570045711212692,0.1266233766233766,0.0028268551236749115,0.1699259540535409,0.154948642407835,0.0,0.0,gate_umarg,0.02,collusion
8.94823619538329,0.16695988866010325,4.328571428571428,0.36428571428571427,0.002857142857142857,0.48568408298663945,0.3186340414089809,0.13218923933209648,0.0031802120141342758,0.2967533700398709,0.2196830957878812,0.0,0.0,gate_usolo,0.02,collusion
10.292659395962035,0.17468648732101094,5.2371428571428575,0.3514285714285714,0.0,0.40155875720434453,0.16724926055391234,0.12314471243042671,0.0028268551236749115,0.16347066641351812,0.14897682936539533,0.037582610080420416,0.005971813042439685,gate_4action,0.02,collusion
8.628510749221348,0.16862866677317737,4.078571428571428,0.38857142857142857,0.0014285714285714286,0.5130632178210159,0.3597741328314063,0.1444805194805195,0.007420494699646643,0.34497816593886466,0.26769647264909624,0.0,0.0,gate_umarg,0.05,collusion
8.200353826523768,0.16246872040665686,3.8442857142857143,0.3871428571428571,0.008571428571428572,0.5433286915264295,0.3936542081204625,0.14517625231910947,0.0035335689045936395,0.39396240744256694,0.2953260609921172,0.0,0.0,gate_usolo,0.05,collusion
8.970755304679537,0.17054366424427192,4.325714285714286,0.37714285714285717,0.0014285714285714286,0.4998764776723938,0.3199784888410863,0.14216141001855287,0.007067137809187279,0.33396620467059046,0.2593359343896807,0.05963850625049765,0.00836053825941556,gate_4action,0.05,collusion
7.566848057518526,0.16238472628442197,3.362857142857143,0.4657142857142857,0.01,0.5856891712095526,0.4745899435332078,0.16349721706864564,0.01519434628975265,0.4966774254794,0.37128752289195,0.0,0.0,gate_umarg,0.1,collusion
7.470024377209259,0.1565836788079189,3.3314285714285714,0.45571428571428574,0.018571428571428572,0.5966962385921151,0.4735143855875235,0.15862708719851576,0.007067137809187279,0.5050313271311943,0.3785333227167768,0.0,0.0,gate_usolo,0.1,collusion
7.934605906917447,0.16303438805780265,3.642857142857143,0.42142857142857143,0.007142857142857143,0.5873691889641666,0.4278031728959398,0.15793135435992578,0.012367491166077738,0.48186823618758307,0.360299386893861,0.06553069511903814,0.010988135998089019,gate_4action,0.1,collusion
6.852323169178409,0.15521779430060212,2.8257142857142856,0.59,0.03142857142857143,0.6354717362756852,0.5574079053509008,0.18320964749536178,0.026148409893992933,0.6440098727928613,0.4767895533083844,0.0,0.0,gate_umarg,0.2,collusion
6.788538795694191,0.15315156577245811,2.7814285714285716,0.6,0.04285714285714286,0.6433263444529924,0.5635923635385857,0.1725417439703154,0.015547703180212015,0.6373647237516613,0.47225097539613026,0.0,0.0,gate_usolo,0.2,collusion
7.155609408668012,0.15629683864288677,3.0557142857142856,0.54,0.022857142857142857,0.637917697456698,0.5219144931433181,0.17857142857142858,0.024381625441696114,0.6257831782798557,0.46317381957162196,0.06513257424954216,0.01361573373676248,gate_4action,0.2,collusion
6.570468510229408,0.1507459836370457,2.5557142857142856,0.7014285714285714,0.04428571428571428,0.6645365459220655,0.5996235547190105,0.19434137291280149,0.036395759717314485,0.7296373647237516,0.5363484353849829,0.0,0.0,gate_umarg,0.3,collusion
6.586407272695674,0.15154308074872191,2.5285714285714285,0.7428571428571429,0.05857142857142857,0.6641603915726153,0.6009680021511159,0.18552875695732837,0.022614840989399292,0.7324852857414088,0.5375427979934708,0.0,0.0,gate_usolo,0.3,collusion
6.798271859560106,0.15430659991048695,2.7657142857142856,0.6214285714285714,0.03428571428571429,0.6639526856559571,0.5670879268620597,0.18877551020408162,0.03215547703180212,0.7106512246060376,0.5230511983438172,0.06417708416275181,0.013297237041165698,gate_4action,0.3,collusion
6.568001401715814,0.15173630752128792,2.2842857142857143,0.9714285714285714,0.08,0.6759604546813058,0.6394191987093305,0.21428571428571427,0.0558303886925795,0.8331118283652933,0.6122302731109165,0.0,0.0,gate_umarg,0.45,collusion
6.553050473274577,0.15526940519604357,2.244285714285714,1.022857142857143,0.08,0.6736593793918516,0.6437214304920678,0.20269016697588127,0.03568904593639576,0.8492500474653503,0.6159726092841786,0.0,0.0,gate_usolo,0.45,collusion
6.5565242916037905,0.1521855854584395,2.47,0.7871428571428571,0.05142857142857143,0.6840443512856487,0.6119924710943803,0.20616883116883117,0.04982332155477032,0.8145054110499336,0.5979775459829604,0.07723544868221992,0.014252727127956048,gate_4action,0.45,collusion
6.928272606539602,0.1644484582276992,2.1185714285714288,1.33,0.11142857142857143,0.6684293339736808,0.6636192524872278,0.23747680890538034,0.07809187279151944,0.9098158344408582,0.6710725376224221,0.0,0.0,gate_umarg,0.6,collusion
6.900784982857232,0.16160131362031493,2.0742857142857143,1.3671428571428572,0.12,0.6737736684860866,0.6714170475934391,0.22495361781076068,0.0519434628975265,0.9227264097209037,0.6712317859702206,0.0,0.0,gate_usolo,0.6,collusion
6.701397617525828,0.15859298096792254,2.2785714285714285,1.0342857142857143,0.07714285714285714,0.6909811445330856,0.6388814197364883,0.22263450834879406,0.06643109540636043,0.8959559521549268,0.656740186320567,0.08583485946333307,0.014332351301855244,gate_4action,0.6,collusion
7.701762935981395,0.1799515955626991,1.9185714285714286,1.8657142857142857,0.14142857142857143,0.6555676115971639,0.6961548803441785,0.28130797773654914,0.12261484098939929,0.9794949686728688,0.7325423998726013,0.0,0.0,gate_umarg,0.8,collusion
7.564153087535269,0.17737232357748675,1.88,1.89,0.14285714285714285,0.6605931118679946,0.7018015595590212,0.2664656771799629,0.09045936395759717,0.9863299791152459,0.728322318655944,0.0,0.0,gate_usolo,0.8,collusion
7.0517042417508735,0.16954317780290332,2.117142857142857,1.37,0.10428571428571429,0.6951296995480912,0.6636192524872278,0.25139146567717996,0.09328621908127209,0.9673438389975318,0.7139899673540887,0.08989569233219205,0.01855243251851262,gate_4action,0.8,collusion
8.86824641964512,0.19857552907048057,1.8357142857142856,2.474285714285714,0.14857142857142858,0.6288166228305141,0.7082549072331272,0.3782467532467532,0.23498233215547704,0.9979115245870515,0.784059240385381,0.0,0.0,gate_umarg,0.95,collusion
8.772435312380475,0.2015241051574706,1.8285714285714285,2.4371428571428573,0.15142857142857144,0.6319248467344926,0.7090615756923905,0.34763450834879406,0.19081272084805653,0.9994304157964686,0.7740265944740823,0.0,0.0,gate_usolo,0.95,collusion
7.5004999151286755,0.1800543117761015,2.03,1.65,0.11714285714285715,0.6898607321194135,0.677601505781124,0.29336734693877553,0.14169611307420496,0.9870894247199544,0.7467951270005574,0.08822358468030894,0.03726411338482363,gate_4action,0.95,collusion
10.666887743870348,0.21860472249682378,2.5285714285714285,2.7328571428571427,0.09,0.5394862708818803,0.6692659317020705,0.4839981447124304,0.4441696113074205,0.9363964306056579,0.7284019428298432,0.0,0.0,cad_like,,collusion
11.261448387929477,0.208547938095435,3.967142857142857,1.78,0.037142857142857144,0.4198844685605299,0.37832750739446086,0.27666975881261596,0.25265017667844525,0.41959369660148094,0.3747909865435146,0.0,0.0,robosac_like,,collusion
11.659392778718885,0.220507271744519,3.6914285714285713,2.092857142857143,0.05,0.44040522401459353,0.4011831137402528,0.34717068645640076,0.31908127208480563,0.4326941332827036,0.4244764710566128,0.0,0.0,mate_like,,collusion
14.564252444961923,0.25162658640511126,3.8457142857142856,2.6614285714285715,0.08,0.3703492181303708,0.3794030653401452,0.6590909090909091,1.0,0.6821720144294665,0.69010271518433,0.0,0.0,geom_consensus,,collusion
4.397057261990203,0.1257929510164241,1.7285714285714286,0.32,0.0,0.7867970046221001,0.7222371605270234,0.003478664192949907,0.0049469964664310955,0.603189671539776,0.3494704992435703,0.0,0.0,oracle_greedy,,collusion
11.437927727453662,0.16971063619750562,6.16,0.3414285714285714,0.0,0.2787777986740049,0.0005377789728421619,0.0,0.0,0.0,0.0,0.0,0.0,ego_only,,collusion
14.77799796726223,0.26338998127474844,1.8242857142857143,4.61,0.15,0.52363031638194,0.7095993546652326,1.0,1.0,1.0,1.0,0.0,0.0,naive_lf,,collusion
